Techstack,Links
"Python, Pandas, Data Cleaning",https://yourname.com/data-cleaning-project
"Python, SQL, Exploratory Data Analysis",https://yourname.com/eda-project
"Machine Learning, Scikit-Learn, Feature Engineering",https://yourname.com/ml-model-project
"Deep Learning, TensorFlow / Keras",https://yourname.com/deep-learning-project
"NLP, Text Processing, Embeddings",https://yourname.com/nlp-project
"Time Series Forecasting, XGBoost",https://yourname.com/forecasting-project
"Power BI, DAX, Data Visualization",https://yourname.com/powerbi-dashboard
"Tableau, Interactive Dashboards",https://yourname.com/tableau-dashboard
"SQL, Data Warehousing, Analytics",https://yourname.com/sql-analytics-project
"Databricks, PySpark, Big Data Processing",https://yourname.com/databricks-project
"AWS, Cloud Architecture, Well-Architected Design",https://yourname.com/aws-architecture-project
"AWS Lambda, CloudWatch, Automation",https://yourname.com/aws-automation-project
"Data Engineering, ETL Pipelines",https://yourname.com/etl-pipeline-project
"Flask / FastAPI, ML Deployment",https://yourname.com/ml-deployment-project
"Git, Docker, CI/CD Basics",https://yourname.com/devops-project
"Business Analytics, KPI Dashboards",https://yourname.com/business-analytics-project
"Excel, Forecasting Models, Automation",https://yourname.com/excel-analytics-project
